name,label,relative_time_ms,mean_posterior_density
unet_deeper_ce_only,CE,-1000.0,0.16147265748398448
unet_deeper_ce_only,CE,-990.0,0.16292710588376907
unet_deeper_ce_only,CE,-980.0,0.16447365919086054
unet_deeper_ce_only,CE,-970.0,0.1658414465291774
unet_deeper_ce_only,CE,-960.0,0.16699795244467397
unet_deeper_ce_only,CE,-950.0,0.1685392305210968
unet_deeper_ce_only,CE,-940.0,0.17046177186276637
unet_deeper_ce_only,CE,-929.9999999999999,0.1717700398459385
unet_deeper_ce_only,CE,-919.9999999999999,0.17324829857092466
unet_deeper_ce_only,CE,-909.9999999999999,0.17515597495240012
unet_deeper_ce_only,CE,-899.9999999999999,0.17671649592033656
unet_deeper_ce_only,CE,-889.9999999999999,0.17868696382312224
unet_deeper_ce_only,CE,-879.9999999999999,0.18082384331521492
unet_deeper_ce_only,CE,-869.9999999999999,0.18258431904941436
unet_deeper_ce_only,CE,-859.9999999999999,0.18494163887535342
unet_deeper_ce_only,CE,-849.9999999999999,0.18725397700527835
unet_deeper_ce_only,CE,-839.9999999999999,0.18920753051499614
unet_deeper_ce_only,CE,-829.9999999999999,0.19174763594419697
unet_deeper_ce_only,CE,-819.9999999999999,0.19447761991596155
unet_deeper_ce_only,CE,-809.9999999999999,0.1970716890495963
unet_deeper_ce_only,CE,-799.9999999999998,0.1999397121310909
unet_deeper_ce_only,CE,-789.9999999999998,0.2028568872207401
unet_deeper_ce_only,CE,-779.9999999999998,0.20563266248374945
unet_deeper_ce_only,CE,-769.9999999999998,0.208998998139223
unet_deeper_ce_only,CE,-759.9999999999998,0.2125729237856688
unet_deeper_ce_only,CE,-749.9999999999998,0.215738873519029
unet_deeper_ce_only,CE,-739.9999999999998,0.2194196209197356
unet_deeper_ce_only,CE,-729.9999999999998,0.22337129768993663
unet_deeper_ce_only,CE,-719.9999999999998,0.22742101392646752
unet_deeper_ce_only,CE,-709.9999999999998,0.23116249786411885
unet_deeper_ce_only,CE,-699.9999999999998,0.2353912736086075
unet_deeper_ce_only,CE,-689.9999999999998,0.23987516515530094
unet_deeper_ce_only,CE,-679.9999999999998,0.24423360611666636
unet_deeper_ce_only,CE,-669.9999999999997,0.2489477287681073
unet_deeper_ce_only,CE,-659.9999999999997,0.25408299993420524
unet_deeper_ce_only,CE,-649.9999999999997,0.259079335406176
unet_deeper_ce_only,CE,-639.9999999999997,0.2644546113666228
unet_deeper_ce_only,CE,-629.9999999999997,0.2702326069099932
unet_deeper_ce_only,CE,-619.9999999999997,0.27591696762820267
unet_deeper_ce_only,CE,-609.9999999999997,0.2822538893657728
unet_deeper_ce_only,CE,-599.9999999999997,0.28862210836575214
unet_deeper_ce_only,CE,-589.9999999999997,0.2952304024992645
unet_deeper_ce_only,CE,-579.9999999999997,0.30216080920010113
unet_deeper_ce_only,CE,-569.9999999999997,0.3093473402315259
unet_deeper_ce_only,CE,-559.9999999999997,0.3169136850556552
unet_deeper_ce_only,CE,-549.9999999999995,0.3250717913779236
unet_deeper_ce_only,CE,-539.9999999999995,0.33346826218783043
unet_deeper_ce_only,CE,-529.9999999999995,0.3420785341386812
unet_deeper_ce_only,CE,-519.9999999999995,0.3513786674481907
unet_deeper_ce_only,CE,-509.99999999999955,0.3611156302249365
unet_deeper_ce_only,CE,-499.99999999999955,0.3708199590253561
unet_deeper_ce_only,CE,-489.99999999999955,0.3813695028833835
unet_deeper_ce_only,CE,-479.99999999999955,0.3923830333982972
unet_deeper_ce_only,CE,-469.99999999999955,0.4039072860376059
unet_deeper_ce_only,CE,-459.99999999999955,0.41561182898760696
unet_deeper_ce_only,CE,-449.9999999999995,0.4280466197853977
unet_deeper_ce_only,CE,-439.9999999999995,0.4411594033504789
unet_deeper_ce_only,CE,-429.9999999999995,0.45447448752680797
unet_deeper_ce_only,CE,-419.9999999999995,0.46857954124831525
unet_deeper_ce_only,CE,-409.9999999999995,0.4831773784834404
unet_deeper_ce_only,CE,-399.9999999999995,0.49827789229511726
unet_deeper_ce_only,CE,-389.99999999999943,0.5141342925641033
unet_deeper_ce_only,CE,-379.99999999999943,0.5305911979677328
unet_deeper_ce_only,CE,-369.99999999999943,0.5473458828566014
unet_deeper_ce_only,CE,-359.99999999999943,0.565057391396398
unet_deeper_ce_only,CE,-349.99999999999943,0.5833717565704828
unet_deeper_ce_only,CE,-339.99999999999943,0.6021615926521741
unet_deeper_ce_only,CE,-329.99999999999943,0.6215827660537888
unet_deeper_ce_only,CE,-319.9999999999994,0.6416097686550908
unet_deeper_ce_only,CE,-309.9999999999994,0.6620896060307501
unet_deeper_ce_only,CE,-299.9999999999994,0.6829841355748189
unet_deeper_ce_only,CE,-289.9999999999994,0.7042210935452357
unet_deeper_ce_only,CE,-279.9999999999994,0.7259518068723904
unet_deeper_ce_only,CE,-269.9999999999994,0.748255131309117
unet_deeper_ce_only,CE,-259.9999999999993,0.77073959048731
unet_deeper_ce_only,CE,-249.99999999999935,0.7936305879139699
unet_deeper_ce_only,CE,-239.99999999999932,0.8166009115491358
unet_deeper_ce_only,CE,-229.99999999999932,0.839705811104944
unet_deeper_ce_only,CE,-219.99999999999932,0.8628548459692794
unet_deeper_ce_only,CE,-209.9999999999993,0.8856001776881046
unet_deeper_ce_only,CE,-199.9999999999993,0.9081008320890056
unet_deeper_ce_only,CE,-189.9999999999993,0.9305970504876525
unet_deeper_ce_only,CE,-179.99999999999926,0.9527701466472496
unet_deeper_ce_only,CE,-169.99999999999926,0.9743927650296952
unet_deeper_ce_only,CE,-159.99999999999926,0.9953882104999591
unet_deeper_ce_only,CE,-149.99999999999923,1.0149070056282563
unet_deeper_ce_only,CE,-139.99999999999923,1.0343741348976612
unet_deeper_ce_only,CE,-129.99999999999923,1.0525915366073686
unet_deeper_ce_only,CE,-119.99999999999922,1.0694096755974734
unet_deeper_ce_only,CE,-109.9999999999992,1.0854587027091955
unet_deeper_ce_only,CE,-99.9999999999992,1.0998952234266177
unet_deeper_ce_only,CE,-89.99999999999919,1.1127502533905207
unet_deeper_ce_only,CE,-79.99999999999918,1.1242040911376185
unet_deeper_ce_only,CE,-69.99999999999918,1.133619715340346
unet_deeper_ce_only,CE,-59.99999999999916,1.1411368734279368
unet_deeper_ce_only,CE,-49.999999999999154,1.147508118624124
unet_deeper_ce_only,CE,-39.99999999999915,1.1517743679855075
unet_deeper_ce_only,CE,-29.99999999999914,1.1542151008393087
unet_deeper_ce_only,CE,-19.99999999999913,1.1553056856698978
unet_deeper_ce_only,CE,-9.99999999999912,1.1548272614559658
unet_deeper_ce_only,CE,8.881784197001252e-13,1.1522728215284648
unet_deeper_ce_only,CE,10.000000000000897,1.1485626723561708
unet_deeper_ce_only,CE,20.000000000000906,1.143683170783549
unet_deeper_ce_only,CE,30.000000000000917,1.1371355206593243
unet_deeper_ce_only,CE,40.000000000000924,1.1289095155008946
unet_deeper_ce_only,CE,50.00000000000093,1.1193456433956595
unet_deeper_ce_only,CE,60.00000000000094,1.1084661713063184
unet_deeper_ce_only,CE,70.00000000000095,1.0960451165318053
unet_deeper_ce_only,CE,80.00000000000097,1.082116231670498
unet_deeper_ce_only,CE,90.00000000000097,1.0680513552310242
unet_deeper_ce_only,CE,100.00000000000098,1.0529130314568953
unet_deeper_ce_only,CE,110.00000000000098,1.035728126019307
unet_deeper_ce_only,CE,120.000000000001,1.0186233760152037
unet_deeper_ce_only,CE,130.000000000001,1.0004920554406846
unet_deeper_ce_only,CE,140.00000000000102,0.9808166246657068
unet_deeper_ce_only,CE,150.00000000000102,0.9614997456744029
unet_deeper_ce_only,CE,160.00000000000102,0.9406588632602879
unet_deeper_ce_only,CE,170.00000000000105,0.9197390142033076
unet_deeper_ce_only,CE,180.00000000000105,0.899614780566398
unet_deeper_ce_only,CE,190.00000000000105,0.8781447669486347
unet_deeper_ce_only,CE,200.00000000000108,0.8563089522601206
unet_deeper_ce_only,CE,210.00000000000108,0.8356045222713865
unet_deeper_ce_only,CE,220.00000000000108,0.8131837460291115
unet_deeper_ce_only,CE,230.00000000000108,0.7914129042149919
unet_deeper_ce_only,CE,240.0000000000011,0.7702341124109181
unet_deeper_ce_only,CE,250.0000000000011,0.7493321706805198
unet_deeper_ce_only,CE,260.00000000000114,0.7285418350219175
unet_deeper_ce_only,CE,270.00000000000114,0.7079439293837361
unet_deeper_ce_only,CE,280.00000000000114,0.6885605289162549
unet_deeper_ce_only,CE,290.00000000000114,0.6689798820297073
unet_deeper_ce_only,CE,300.00000000000114,0.6497802072828577
unet_deeper_ce_only,CE,310.00000000000114,0.6320026384974482
unet_deeper_ce_only,CE,320.0000000000012,0.6134016515290547
unet_deeper_ce_only,CE,330.0000000000012,0.5952564665577909
unet_deeper_ce_only,CE,340.0000000000012,0.5786994952698223
unet_deeper_ce_only,CE,350.0000000000012,0.562250173504932
unet_deeper_ce_only,CE,360.0000000000012,0.5459700546858482
unet_deeper_ce_only,CE,370.0000000000012,0.5309485013143905
unet_deeper_ce_only,CE,380.00000000000125,0.515598537157823
unet_deeper_ce_only,CE,390.00000000000125,0.5008288002283486
unet_deeper_ce_only,CE,400.00000000000125,0.4878031371499691
unet_deeper_ce_only,CE,410.00000000000125,0.4739038948608314
unet_deeper_ce_only,CE,420.00000000000125,0.46187334472823627
unet_deeper_ce_only,CE,430.00000000000125,0.45071851814483066
unet_deeper_ce_only,CE,440.00000000000125,0.43846608727599135
unet_deeper_ce_only,CE,450.0000000000013,0.427267885456758
unet_deeper_ce_only,CE,460.0000000000013,0.4173398049601733
unet_deeper_ce_only,CE,470.0000000000013,0.40671750665638773
unet_deeper_ce_only,CE,480.0000000000013,0.3967871708667119
unet_deeper_ce_only,CE,490.0000000000013,0.38878792768882986
unet_deeper_ce_only,CE,500.0000000000013,0.3794242411995224
unet_deeper_ce_only,CE,510.00000000000136,0.37097745922607966
unet_deeper_ce_only,CE,520.0000000000014,0.3626723765721965
unet_deeper_ce_only,CE,530.0000000000014,0.35618296572057107
unet_deeper_ce_only,CE,540.0000000000014,0.3489349602388726
unet_deeper_ce_only,CE,550.0000000000014,0.34121483802155933
unet_deeper_ce_only,CE,560.0000000000014,0.33566945965463235
unet_deeper_ce_only,CE,570.0000000000014,0.3293455257463525
unet_deeper_ce_only,CE,580.0000000000014,0.32275042150384886
unet_deeper_ce_only,CE,590.0000000000014,0.31773246805143024
unet_deeper_ce_only,CE,600.0000000000014,0.31217390381809246
unet_deeper_ce_only,CE,610.0000000000015,0.3063277119922736
unet_deeper_ce_only,CE,620.0000000000015,0.302748967807809
unet_deeper_ce_only,CE,630.0000000000015,0.29812792624256806
unet_deeper_ce_only,CE,640.0000000000015,0.29261948016811185
unet_deeper_ce_only,CE,650.0000000000015,0.2891874050611953
unet_deeper_ce_only,CE,660.0000000000015,0.2841118658092221
unet_deeper_ce_only,CE,670.0000000000015,0.27983382237802484
unet_deeper_ce_only,CE,680.0000000000015,0.2772099156314738
unet_deeper_ce_only,CE,690.0000000000015,0.27362530056237533
unet_deeper_ce_only,CE,700.0000000000015,0.2700443157353144
unet_deeper_ce_only,CE,710.0000000000015,0.26831137295427654
unet_deeper_ce_only,CE,720.0000000000015,0.263993869372417
unet_deeper_ce_only,CE,730.0000000000016,0.2610426475779783
unet_deeper_ce_only,CE,740.0000000000016,0.2600542654857689
unet_deeper_ce_only,CE,750.0000000000016,0.25747986911920295
unet_deeper_ce_only,CE,760.0000000000016,0.25477260570110805
unet_deeper_ce_only,CE,770.0000000000016,0.25406720115831466
unet_deeper_ce_only,CE,780.0000000000016,0.2508206710313318
unet_deeper_ce_only,CE,790.0000000000016,0.2492050480833788
unet_deeper_ce_only,CE,800.0000000000016,0.2467849990907431
unet_deeper_ce_only,CE,810.0000000000016,0.24736494726846922
unet_deeper_ce_only,CE,820.0000000000016,0.24556543292394528
unet_deeper_ce_only,CE,830.0000000000016,0.24262894710660424
unet_deeper_ce_only,CE,840.0000000000016,0.24275393003782256
unet_deeper_ce_only,CE,850.0000000000016,0.241905300022416
unet_deeper_ce_only,CE,860.0000000000017,0.240126048662071
unet_deeper_ce_only,CE,870.0000000000017,0.24097689089983987
unet_deeper_ce_only,CE,880.0000000000017,0.23873374273630008
unet_deeper_ce_only,CE,890.0000000000017,0.2366569382205345
unet_deeper_ce_only,CE,900.0000000000017,0.23733911435088198
unet_deeper_ce_only,CE,910.0000000000017,0.23610931863485055
unet_deeper_ce_only,CE,920.0000000000017,0.23564191861058734
unet_deeper_ce_only,CE,930.0000000000017,0.23694227035029916
unet_deeper_ce_only,CE,940.0000000000017,0.23470437793431773
unet_deeper_ce_only,CE,950.0000000000017,0.23455855546162008
unet_deeper_ce_only,CE,960.0000000000017,0.23546582187612908
unet_deeper_ce_only,CE,970.0000000000017,0.23420106408114982
unet_deeper_ce_only,CE,980.0000000000017,0.2339009453316109
unet_deeper_ce_only,CE,990.0000000000018,0.23632361738763238
unet_deeper_ce_only,CE,1000.0000000000018,0.23453850896994116
unet_deeper_comboloss,CE+time,-1000.0,0.16989916278539868
unet_deeper_comboloss,CE+time,-990.0,0.17132051540641438
unet_deeper_comboloss,CE+time,-980.0,0.17294828832194103
unet_deeper_comboloss,CE+time,-970.0,0.1744147337138021
unet_deeper_comboloss,CE+time,-960.0,0.17594382920085716
unet_deeper_comboloss,CE+time,-950.0,0.17761122289174672
unet_deeper_comboloss,CE+time,-940.0,0.17958040378513565
unet_deeper_comboloss,CE+time,-929.9999999999999,0.18130467834825525
unet_deeper_comboloss,CE+time,-919.9999999999999,0.18304684085950002
unet_deeper_comboloss,CE+time,-909.9999999999999,0.1849441484362489
unet_deeper_comboloss,CE+time,-899.9999999999999,0.18678418537029448
unet_deeper_comboloss,CE+time,-889.9999999999999,0.18880577092886824
unet_deeper_comboloss,CE+time,-879.9999999999999,0.19105579763138644
unet_deeper_comboloss,CE+time,-869.9999999999999,0.19329392497593068
unet_deeper_comboloss,CE+time,-859.9999999999999,0.1958358602770906
unet_deeper_comboloss,CE+time,-849.9999999999999,0.19841149078339781
unet_deeper_comboloss,CE+time,-839.9999999999999,0.20066370163430242
unet_deeper_comboloss,CE+time,-829.9999999999999,0.20346808859302776
unet_deeper_comboloss,CE+time,-819.9999999999999,0.20646316104685938
unet_deeper_comboloss,CE+time,-809.9999999999999,0.20939713119625203
unet_deeper_comboloss,CE+time,-799.9999999999998,0.2125034010733519
unet_deeper_comboloss,CE+time,-789.9999999999998,0.21566835224918293
unet_deeper_comboloss,CE+time,-779.9999999999998,0.21876968791583193
unet_deeper_comboloss,CE+time,-769.9999999999998,0.2222697751107166
unet_deeper_comboloss,CE+time,-759.9999999999998,0.22612750891268713
unet_deeper_comboloss,CE+time,-749.9999999999998,0.2297128857242721
unet_deeper_comboloss,CE+time,-739.9999999999998,0.2337494259089631
unet_deeper_comboloss,CE+time,-729.9999999999998,0.23817336399766706
unet_deeper_comboloss,CE+time,-719.9999999999998,0.2425998912897268
unet_deeper_comboloss,CE+time,-709.9999999999998,0.2469258552188994
unet_deeper_comboloss,CE+time,-699.9999999999998,0.25158873383321756
unet_deeper_comboloss,CE+time,-689.9999999999998,0.2565229691929327
unet_deeper_comboloss,CE+time,-679.9999999999998,0.2614362532381529
unet_deeper_comboloss,CE+time,-669.9999999999997,0.2666262874965595
unet_deeper_comboloss,CE+time,-659.9999999999997,0.27225481121889467
unet_deeper_comboloss,CE+time,-649.9999999999997,0.27779163406480023
unet_deeper_comboloss,CE+time,-639.9999999999997,0.2836705719676071
unet_deeper_comboloss,CE+time,-629.9999999999997,0.29001344709797333
unet_deeper_comboloss,CE+time,-619.9999999999997,0.2963843110824288
unet_deeper_comboloss,CE+time,-609.9999999999997,0.3033059903196484
unet_deeper_comboloss,CE+time,-599.9999999999997,0.31036715715693447
unet_deeper_comboloss,CE+time,-589.9999999999997,0.31761757221424947
unet_deeper_comboloss,CE+time,-579.9999999999997,0.32513624790002055
unet_deeper_comboloss,CE+time,-569.9999999999997,0.33286884752005075
unet_deeper_comboloss,CE+time,-559.9999999999997,0.3409439619341253
unet_deeper_comboloss,CE+time,-549.9999999999995,0.3496245507703508
unet_deeper_comboloss,CE+time,-539.9999999999995,0.3585523519864794
unet_deeper_comboloss,CE+time,-529.9999999999995,0.36764505413698667
unet_deeper_comboloss,CE+time,-519.9999999999995,0.3774249978672015
unet_deeper_comboloss,CE+time,-509.99999999999955,0.3875558067949886
unet_deeper_comboloss,CE+time,-499.99999999999955,0.39770825091914885
unet_deeper_comboloss,CE+time,-489.99999999999955,0.4085137447988521
unet_deeper_comboloss,CE+time,-479.99999999999955,0.4195575787911909
unet_deeper_comboloss,CE+time,-469.99999999999955,0.43113995815663947
unet_deeper_comboloss,CE+time,-459.99999999999955,0.4428027624096977
unet_deeper_comboloss,CE+time,-449.9999999999995,0.45509498632354217
unet_deeper_comboloss,CE+time,-439.9999999999995,0.4679825798044164
unet_deeper_comboloss,CE+time,-429.9999999999995,0.48088218372104335
unet_deeper_comboloss,CE+time,-419.9999999999995,0.49451942396496096
unet_deeper_comboloss,CE+time,-409.9999999999995,0.508542311811919
unet_deeper_comboloss,CE+time,-399.9999999999995,0.5230417505913914
unet_deeper_comboloss,CE+time,-389.99999999999943,0.5380347034832687
unet_deeper_comboloss,CE+time,-379.99999999999943,0.5533556081854866
unet_deeper_comboloss,CE+time,-369.99999999999943,0.5688460958902498
unet_deeper_comboloss,CE+time,-359.99999999999943,0.5850731083132428
unet_deeper_comboloss,CE+time,-349.99999999999943,0.6016155849506251
unet_deeper_comboloss,CE+time,-339.99999999999943,0.6184913799920895
unet_deeper_comboloss,CE+time,-329.99999999999943,0.6358589529412902
unet_deeper_comboloss,CE+time,-319.9999999999994,0.6535959619954228
unet_deeper_comboloss,CE+time,-309.9999999999994,0.6714442515159298
unet_deeper_comboloss,CE+time,-299.9999999999994,0.6896929831420956
unet_deeper_comboloss,CE+time,-289.9999999999994,0.7080529034629195
unet_deeper_comboloss,CE+time,-279.9999999999994,0.7265731695414288
unet_deeper_comboloss,CE+time,-269.9999999999994,0.7455178395564558
unet_deeper_comboloss,CE+time,-259.9999999999993,0.7644765484031435
unet_deeper_comboloss,CE+time,-249.99999999999935,0.7837767414141655
unet_deeper_comboloss,CE+time,-239.99999999999932,0.8030088757503671
unet_deeper_comboloss,CE+time,-229.99999999999932,0.8222685908623713
unet_deeper_comboloss,CE+time,-219.99999999999932,0.8411378685707167
unet_deeper_comboloss,CE+time,-209.9999999999993,0.8599789646591618
unet_deeper_comboloss,CE+time,-199.9999999999993,0.878503929694465
unet_deeper_comboloss,CE+time,-189.9999999999993,0.8967529834100301
unet_deeper_comboloss,CE+time,-179.99999999999926,0.9146944206267359
unet_deeper_comboloss,CE+time,-169.99999999999926,0.9322395690512307
unet_deeper_comboloss,CE+time,-159.99999999999926,0.9494583607592267
unet_deeper_comboloss,CE+time,-149.99999999999923,0.9653779920087886
unet_deeper_comboloss,CE+time,-139.99999999999923,0.9811088878847304
unet_deeper_comboloss,CE+time,-129.99999999999923,0.9959700739486117
unet_deeper_comboloss,CE+time,-119.99999999999922,1.0095461100887537
unet_deeper_comboloss,CE+time,-109.9999999999992,1.0225570687190126
unet_deeper_comboloss,CE+time,-99.9999999999992,1.0345970528627633
unet_deeper_comboloss,CE+time,-89.99999999999919,1.0453844773572611
unet_deeper_comboloss,CE+time,-79.99999999999918,1.0552730674921829
unet_deeper_comboloss,CE+time,-69.99999999999918,1.0635299404059653
unet_deeper_comboloss,CE+time,-59.99999999999916,1.0706763982163485
unet_deeper_comboloss,CE+time,-49.999999999999154,1.0767254048091643
unet_deeper_comboloss,CE+time,-39.99999999999915,1.0810866083737598
unet_deeper_comboloss,CE+time,-29.99999999999914,1.0843777662841243
unet_deeper_comboloss,CE+time,-19.99999999999913,1.0865495748109701
unet_deeper_comboloss,CE+time,-9.99999999999912,1.087170185181256
unet_deeper_comboloss,CE+time,8.881784197001252e-13,1.0863474882842081
unet_deeper_comboloss,CE+time,10.000000000000897,1.0848316171772956
unet_deeper_comboloss,CE+time,20.000000000000906,1.0817750117189886
unet_deeper_comboloss,CE+time,30.000000000000917,1.0772312658258096
unet_deeper_comboloss,CE+time,40.000000000000924,1.0715165954426735
unet_deeper_comboloss,CE+time,50.00000000000093,1.0642948346035888
unet_deeper_comboloss,CE+time,60.00000000000094,1.0556681118545446
unet_deeper_comboloss,CE+time,70.00000000000095,1.0456910641831876
unet_deeper_comboloss,CE+time,80.00000000000097,1.0345758732819845
unet_deeper_comboloss,CE+time,90.00000000000097,1.0230208309646818
unet_deeper_comboloss,CE+time,100.00000000000098,1.0104693953471284
unet_deeper_comboloss,CE+time,110.00000000000098,0.996631511724687
unet_deeper_comboloss,CE+time,120.000000000001,0.9831538869181428
unet_deeper_comboloss,CE+time,130.000000000001,0.9688378884186103
unet_deeper_comboloss,CE+time,140.00000000000102,0.9531395779448614
unet_deeper_comboloss,CE+time,150.00000000000102,0.9376911575804908
unet_deeper_comboloss,CE+time,160.00000000000102,0.9206889688299777
unet_deeper_comboloss,CE+time,170.00000000000105,0.9037050774896013
unet_deeper_comboloss,CE+time,180.00000000000105,0.8874348757799099
unet_deeper_comboloss,CE+time,190.00000000000105,0.8696015779252645
unet_deeper_comboloss,CE+time,200.00000000000108,0.851199389812566
unet_deeper_comboloss,CE+time,210.00000000000108,0.834117120469321
unet_deeper_comboloss,CE+time,220.00000000000108,0.8152810500059414
unet_deeper_comboloss,CE+time,230.00000000000108,0.7969036540632428
unet_deeper_comboloss,CE+time,240.0000000000011,0.7788568284881027
unet_deeper_comboloss,CE+time,250.0000000000011,0.7608956719008511
unet_deeper_comboloss,CE+time,260.00000000000114,0.7428947881184886
unet_deeper_comboloss,CE+time,270.00000000000114,0.7247534999601083
unet_deeper_comboloss,CE+time,280.00000000000114,0.7078788962468203
unet_deeper_comboloss,CE+time,290.00000000000114,0.6905604528372874
unet_deeper_comboloss,CE+time,300.00000000000114,0.6733246348498666
unet_deeper_comboloss,CE+time,310.00000000000114,0.6574746061339781
unet_deeper_comboloss,CE+time,320.0000000000012,0.640579409124063
unet_deeper_comboloss,CE+time,330.0000000000012,0.6237086906336813
unet_deeper_comboloss,CE+time,340.0000000000012,0.6081649370097846
unet_deeper_comboloss,CE+time,350.0000000000012,0.5927122637549096
unet_deeper_comboloss,CE+time,360.0000000000012,0.5772061334468997
unet_deeper_comboloss,CE+time,370.0000000000012,0.5630022856427036
unet_deeper_comboloss,CE+time,380.00000000000125,0.5481576920394147
unet_deeper_comboloss,CE+time,390.00000000000125,0.5335532896301766
unet_deeper_comboloss,CE+time,400.00000000000125,0.5206691957576914
unet_deeper_comboloss,CE+time,410.00000000000125,0.5068311442630448
unet_deeper_comboloss,CE+time,420.00000000000125,0.494621156946818
unet_deeper_comboloss,CE+time,430.00000000000125,0.4830493964603628
unet_deeper_comboloss,CE+time,440.00000000000125,0.47038372704256126
unet_deeper_comboloss,CE+time,450.0000000000013,0.45843657148727546
unet_deeper_comboloss,CE+time,460.0000000000013,0.44793505318900156
unet_deeper_comboloss,CE+time,470.0000000000013,0.43658457886829827
unet_deeper_comboloss,CE+time,480.0000000000013,0.4258717926160408
unet_deeper_comboloss,CE+time,490.0000000000013,0.4170333203962228
unet_deeper_comboloss,CE+time,500.0000000000013,0.4068250629104177
unet_deeper_comboloss,CE+time,510.00000000000136,0.3976013855823515
unet_deeper_comboloss,CE+time,520.0000000000014,0.3882285387700982
unet_deeper_comboloss,CE+time,530.0000000000014,0.3809292534640249
unet_deeper_comboloss,CE+time,540.0000000000014,0.3729552941158525
unet_deeper_comboloss,CE+time,550.0000000000014,0.36420689564220193
unet_deeper_comboloss,CE+time,560.0000000000014,0.35781483371851636
unet_deeper_comboloss,CE+time,570.0000000000014,0.3507129238314969
unet_deeper_comboloss,CE+time,580.0000000000014,0.34307542542562
unet_deeper_comboloss,CE+time,590.0000000000014,0.3372493033175453
unet_deeper_comboloss,CE+time,600.0000000000014,0.3305206164531135
unet_deeper_comboloss,CE+time,610.0000000000015,0.32369810169285085
unet_deeper_comboloss,CE+time,620.0000000000015,0.31914252310421826
unet_deeper_comboloss,CE+time,630.0000000000015,0.31360012894634737
unet_deeper_comboloss,CE+time,640.0000000000015,0.30729824682900697
unet_deeper_comboloss,CE+time,650.0000000000015,0.30298602064206004
unet_deeper_comboloss,CE+time,660.0000000000015,0.29696704977428395
unet_deeper_comboloss,CE+time,670.0000000000015,0.2918100462360367
unet_deeper_comboloss,CE+time,680.0000000000015,0.28824616227453503
unet_deeper_comboloss,CE+time,690.0000000000015,0.28372388584603686
unet_deeper_comboloss,CE+time,700.0000000000015,0.27924509382970486
unet_deeper_comboloss,CE+time,710.0000000000015,0.276360405409524
unet_deeper_comboloss,CE+time,720.0000000000015,0.27120622118543997
unet_deeper_comboloss,CE+time,730.0000000000016,0.2674134541799741
unet_deeper_comboloss,CE+time,740.0000000000016,0.2656428043028561
unet_deeper_comboloss,CE+time,750.0000000000016,0.26220375598379186
unet_deeper_comboloss,CE+time,760.0000000000016,0.25871480122799123
unet_deeper_comboloss,CE+time,770.0000000000016,0.2572313598203704
unet_deeper_comboloss,CE+time,780.0000000000016,0.25339556451978973
unet_deeper_comboloss,CE+time,790.0000000000016,0.251197021780219
unet_deeper_comboloss,CE+time,800.0000000000016,0.24814671583562595
unet_deeper_comboloss,CE+time,810.0000000000016,0.24784887203872935
unet_deeper_comboloss,CE+time,820.0000000000016,0.2451817378538467
unet_deeper_comboloss,CE+time,830.0000000000016,0.24159039386712614
unet_deeper_comboloss,CE+time,840.0000000000016,0.2409593633193349
unet_deeper_comboloss,CE+time,850.0000000000016,0.23955883451484888
unet_deeper_comboloss,CE+time,860.0000000000017,0.2372113417284082
unet_deeper_comboloss,CE+time,870.0000000000017,0.23740508853027084
unet_deeper_comboloss,CE+time,880.0000000000017,0.2346239376366931
unet_deeper_comboloss,CE+time,890.0000000000017,0.2322332976026406
unet_deeper_comboloss,CE+time,900.0000000000017,0.23188201845920187
unet_deeper_comboloss,CE+time,910.0000000000017,0.23022353410640864
unet_deeper_comboloss,CE+time,920.0000000000017,0.2289937412619544
unet_deeper_comboloss,CE+time,930.0000000000017,0.22956875933411477
unet_deeper_comboloss,CE+time,940.0000000000017,0.22710251566279124
unet_deeper_comboloss,CE+time,950.0000000000017,0.2263461935447713
unet_deeper_comboloss,CE+time,960.0000000000017,0.22668498594867573
unet_deeper_comboloss,CE+time,970.0000000000017,0.2250380763768811
unet_deeper_comboloss,CE+time,980.0000000000017,0.22442426601347013
unet_deeper_comboloss,CE+time,990.0000000000018,0.22644922544853824
unet_deeper_comboloss,CE+time,1000.0000000000018,0.22445511386133066
unet_deeper_event_nll,EventNLL,-1000.0,0.1116446690825888
unet_deeper_event_nll,EventNLL,-990.0,0.10758543305691777
unet_deeper_event_nll,EventNLL,-980.0,0.11207614764858365
unet_deeper_event_nll,EventNLL,-970.0,0.1095231571679955
unet_deeper_event_nll,EventNLL,-960.0,0.11881686044377948
unet_deeper_event_nll,EventNLL,-950.0,0.11698052522412936
unet_deeper_event_nll,EventNLL,-940.0,0.11021898477308577
unet_deeper_event_nll,EventNLL,-929.9999999999999,0.11683834660644932
unet_deeper_event_nll,EventNLL,-919.9999999999999,0.1187882042498293
unet_deeper_event_nll,EventNLL,-909.9999999999999,0.1093071131386856
unet_deeper_event_nll,EventNLL,-899.9999999999999,0.1151584580652741
unet_deeper_event_nll,EventNLL,-889.9999999999999,0.11683180177900265
unet_deeper_event_nll,EventNLL,-879.9999999999999,0.12034538225805236
unet_deeper_event_nll,EventNLL,-869.9999999999999,0.13076776467318765
unet_deeper_event_nll,EventNLL,-859.9999999999999,0.13407239194748669
unet_deeper_event_nll,EventNLL,-849.9999999999999,0.1384071718421663
unet_deeper_event_nll,EventNLL,-839.9999999999999,0.14858772950737645
unet_deeper_event_nll,EventNLL,-829.9999999999999,0.14441992248503227
unet_deeper_event_nll,EventNLL,-819.9999999999999,0.14800651582572608
unet_deeper_event_nll,EventNLL,-809.9999999999999,0.15308229524082526
unet_deeper_event_nll,EventNLL,-799.9999999999998,0.15205375558879963
unet_deeper_event_nll,EventNLL,-789.9999999999998,0.15204537035818252
unet_deeper_event_nll,EventNLL,-779.9999999999998,0.15895446125921942
unet_deeper_event_nll,EventNLL,-769.9999999999998,0.1578066699832786
unet_deeper_event_nll,EventNLL,-759.9999999999998,0.16037637243618064
unet_deeper_event_nll,EventNLL,-749.9999999999998,0.16550313690366517
unet_deeper_event_nll,EventNLL,-739.9999999999998,0.16755687256964974
unet_deeper_event_nll,EventNLL,-729.9999999999998,0.17367405741463557
unet_deeper_event_nll,EventNLL,-719.9999999999998,0.1762721892707311
unet_deeper_event_nll,EventNLL,-709.9999999999998,0.18449320841972014
unet_deeper_event_nll,EventNLL,-699.9999999999998,0.19111274194866248
unet_deeper_event_nll,EventNLL,-689.9999999999998,0.19351442688687173
unet_deeper_event_nll,EventNLL,-679.9999999999998,0.20207728273343656
unet_deeper_event_nll,EventNLL,-669.9999999999997,0.1995871251080831
unet_deeper_event_nll,EventNLL,-659.9999999999997,0.19700417490929026
unet_deeper_event_nll,EventNLL,-649.9999999999997,0.19622911261718243
unet_deeper_event_nll,EventNLL,-639.9999999999997,0.19944577463746022
unet_deeper_event_nll,EventNLL,-629.9999999999997,0.2033646660742166
unet_deeper_event_nll,EventNLL,-619.9999999999997,0.21112107035700042
unet_deeper_event_nll,EventNLL,-609.9999999999997,0.2188096433894058
unet_deeper_event_nll,EventNLL,-599.9999999999997,0.2278347676478964
unet_deeper_event_nll,EventNLL,-589.9999999999997,0.23714281492845002
unet_deeper_event_nll,EventNLL,-579.9999999999997,0.24618178237667018
unet_deeper_event_nll,EventNLL,-569.9999999999997,0.2488687344185032
unet_deeper_event_nll,EventNLL,-559.9999999999997,0.25550232527654393
unet_deeper_event_nll,EventNLL,-549.9999999999995,0.2540626194901688
unet_deeper_event_nll,EventNLL,-539.9999999999995,0.25410166520822436
unet_deeper_event_nll,EventNLL,-529.9999999999995,0.25947521469108964
unet_deeper_event_nll,EventNLL,-519.9999999999995,0.2647011242572157
unet_deeper_event_nll,EventNLL,-509.99999999999955,0.27215070004134084
unet_deeper_event_nll,EventNLL,-499.99999999999955,0.2857978210161253
unet_deeper_event_nll,EventNLL,-489.99999999999955,0.2921383724906582
unet_deeper_event_nll,EventNLL,-479.99999999999955,0.3033433857114511
unet_deeper_event_nll,EventNLL,-469.99999999999955,0.3067048249466838
unet_deeper_event_nll,EventNLL,-459.99999999999955,0.3123768087201369
unet_deeper_event_nll,EventNLL,-449.9999999999995,0.319247858429863
unet_deeper_event_nll,EventNLL,-439.9999999999995,0.3349719595642055
unet_deeper_event_nll,EventNLL,-429.9999999999995,0.35416849828804964
unet_deeper_event_nll,EventNLL,-419.9999999999995,0.3675966679050989
unet_deeper_event_nll,EventNLL,-409.9999999999995,0.3763223000932608
unet_deeper_event_nll,EventNLL,-399.9999999999995,0.382178490459256
unet_deeper_event_nll,EventNLL,-389.99999999999943,0.38702543719943383
unet_deeper_event_nll,EventNLL,-379.99999999999943,0.3905064518192251
unet_deeper_event_nll,EventNLL,-369.99999999999943,0.3950295839823193
unet_deeper_event_nll,EventNLL,-359.99999999999943,0.4008431209390467
unet_deeper_event_nll,EventNLL,-349.99999999999943,0.4049295448247382
unet_deeper_event_nll,EventNLL,-339.99999999999943,0.4117553624990423
unet_deeper_event_nll,EventNLL,-329.99999999999943,0.42431342705718894
unet_deeper_event_nll,EventNLL,-319.9999999999994,0.44260569933902244
unet_deeper_event_nll,EventNLL,-309.9999999999994,0.46211245015661945
unet_deeper_event_nll,EventNLL,-299.9999999999994,0.4753888993450052
unet_deeper_event_nll,EventNLL,-289.9999999999994,0.4851890611838271
unet_deeper_event_nll,EventNLL,-279.9999999999994,0.5046691244314966
unet_deeper_event_nll,EventNLL,-269.9999999999994,0.5267336582911714
unet_deeper_event_nll,EventNLL,-259.9999999999993,0.5529843241544563
unet_deeper_event_nll,EventNLL,-249.99999999999935,0.5700232465251183
unet_deeper_event_nll,EventNLL,-239.99999999999932,0.5788671288932322
unet_deeper_event_nll,EventNLL,-229.99999999999932,0.5905291490719148
unet_deeper_event_nll,EventNLL,-219.99999999999932,0.6179443877154295
unet_deeper_event_nll,EventNLL,-209.9999999999993,0.6657581811037597
unet_deeper_event_nll,EventNLL,-199.9999999999993,0.7224573168214424
unet_deeper_event_nll,EventNLL,-189.9999999999993,0.7862914132730758
unet_deeper_event_nll,EventNLL,-179.99999999999926,0.8530293885957451
unet_deeper_event_nll,EventNLL,-169.99999999999926,0.9212776973196144
unet_deeper_event_nll,EventNLL,-159.99999999999926,0.9866270826731922
unet_deeper_event_nll,EventNLL,-149.99999999999923,1.0498596865829648
unet_deeper_event_nll,EventNLL,-139.99999999999923,1.1220932605918417
unet_deeper_event_nll,EventNLL,-129.99999999999923,1.1981482775075496
unet_deeper_event_nll,EventNLL,-119.99999999999922,1.293039074247072
unet_deeper_event_nll,EventNLL,-109.9999999999992,1.3970030069251829
unet_deeper_event_nll,EventNLL,-99.9999999999992,1.518992915283793
unet_deeper_event_nll,EventNLL,-89.99999999999919,1.6467975440585534
unet_deeper_event_nll,EventNLL,-79.99999999999918,1.753789407643277
unet_deeper_event_nll,EventNLL,-69.99999999999918,1.852940567654329
unet_deeper_event_nll,EventNLL,-59.99999999999916,1.9454826066351567
unet_deeper_event_nll,EventNLL,-49.999999999999154,2.019727432582386
unet_deeper_event_nll,EventNLL,-39.99999999999915,2.0809143702906225
unet_deeper_event_nll,EventNLL,-29.99999999999914,2.136407363245451
unet_deeper_event_nll,EventNLL,-19.99999999999913,2.1868051038581497
unet_deeper_event_nll,EventNLL,-9.99999999999912,2.2180164797478343
unet_deeper_event_nll,EventNLL,8.881784197001252e-13,2.2269514739344083
unet_deeper_event_nll,EventNLL,10.000000000000897,2.194164242700036
unet_deeper_event_nll,EventNLL,20.000000000000906,2.136584519823768
unet_deeper_event_nll,EventNLL,30.000000000000917,2.033235707471967
unet_deeper_event_nll,EventNLL,40.000000000000924,1.9100762385388872
unet_deeper_event_nll,EventNLL,50.00000000000093,1.7792311849751774
unet_deeper_event_nll,EventNLL,60.00000000000094,1.6689108645823347
unet_deeper_event_nll,EventNLL,70.00000000000095,1.5563083218603346
unet_deeper_event_nll,EventNLL,80.00000000000097,1.4338093070427278
unet_deeper_event_nll,EventNLL,90.00000000000097,1.3119254593361493
unet_deeper_event_nll,EventNLL,100.00000000000098,1.206576894657031
unet_deeper_event_nll,EventNLL,110.00000000000098,1.1166391837449456
unet_deeper_event_nll,EventNLL,120.000000000001,1.0397365672531345
unet_deeper_event_nll,EventNLL,130.000000000001,0.9654126598183385
unet_deeper_event_nll,EventNLL,140.00000000000102,0.894713189916486
unet_deeper_event_nll,EventNLL,150.00000000000102,0.8255336894865537
unet_deeper_event_nll,EventNLL,160.00000000000102,0.7602635786974318
unet_deeper_event_nll,EventNLL,170.00000000000105,0.7048994325465567
unet_deeper_event_nll,EventNLL,180.00000000000105,0.6675345660958703
unet_deeper_event_nll,EventNLL,190.00000000000105,0.6417458109212865
unet_deeper_event_nll,EventNLL,200.00000000000108,0.6081441420688785
unet_deeper_event_nll,EventNLL,210.00000000000108,0.5775216753236327
unet_deeper_event_nll,EventNLL,220.00000000000108,0.5425673434652717
unet_deeper_event_nll,EventNLL,230.00000000000108,0.517721468055222
unet_deeper_event_nll,EventNLL,240.0000000000011,0.5041133191192544
unet_deeper_event_nll,EventNLL,250.0000000000011,0.4860562705363334
unet_deeper_event_nll,EventNLL,260.00000000000114,0.4664012669872415
unet_deeper_event_nll,EventNLL,270.00000000000114,0.4487788740979442
unet_deeper_event_nll,EventNLL,280.00000000000114,0.43867253109649446
unet_deeper_event_nll,EventNLL,290.00000000000114,0.4293466052618257
unet_deeper_event_nll,EventNLL,300.00000000000114,0.4183943188271753
unet_deeper_event_nll,EventNLL,310.00000000000114,0.40926026124841586
unet_deeper_event_nll,EventNLL,320.0000000000012,0.40227995137962846
unet_deeper_event_nll,EventNLL,330.0000000000012,0.40362670505306486
unet_deeper_event_nll,EventNLL,340.0000000000012,0.4056425456417085
unet_deeper_event_nll,EventNLL,350.0000000000012,0.4021433633551121
unet_deeper_event_nll,EventNLL,360.0000000000012,0.3987123159740918
unet_deeper_event_nll,EventNLL,370.0000000000012,0.39628893468809917
unet_deeper_event_nll,EventNLL,380.00000000000125,0.3935515001575741
unet_deeper_event_nll,EventNLL,390.00000000000125,0.3886970334923314
unet_deeper_event_nll,EventNLL,400.00000000000125,0.3841419448087463
unet_deeper_event_nll,EventNLL,410.00000000000125,0.3806912025544201
unet_deeper_event_nll,EventNLL,420.00000000000125,0.3770813358447433
unet_deeper_event_nll,EventNLL,430.00000000000125,0.3741867380060478
unet_deeper_event_nll,EventNLL,440.00000000000125,0.37059894738639476
unet_deeper_event_nll,EventNLL,450.0000000000013,0.360943980600295
unet_deeper_event_nll,EventNLL,460.0000000000013,0.35120143414746413
unet_deeper_event_nll,EventNLL,470.0000000000013,0.34067724126580096
unet_deeper_event_nll,EventNLL,480.0000000000013,0.32883777778285056
unet_deeper_event_nll,EventNLL,490.0000000000013,0.3188090269126303
unet_deeper_event_nll,EventNLL,500.0000000000013,0.3097378429333732
unet_deeper_event_nll,EventNLL,510.00000000000136,0.30349932696612286
unet_deeper_event_nll,EventNLL,520.0000000000014,0.2959835043300013
unet_deeper_event_nll,EventNLL,530.0000000000014,0.2980364740517053
unet_deeper_event_nll,EventNLL,540.0000000000014,0.29779340906063817
unet_deeper_event_nll,EventNLL,550.0000000000014,0.29328081161067704
unet_deeper_event_nll,EventNLL,560.0000000000014,0.28517925344060574
unet_deeper_event_nll,EventNLL,570.0000000000014,0.27716973504720144
unet_deeper_event_nll,EventNLL,580.0000000000014,0.2712516881073838
unet_deeper_event_nll,EventNLL,590.0000000000014,0.2663102488082907
unet_deeper_event_nll,EventNLL,600.0000000000014,0.25985047102203324
unet_deeper_event_nll,EventNLL,610.0000000000015,0.25426735781681004
unet_deeper_event_nll,EventNLL,620.0000000000015,0.25418511443719527
unet_deeper_event_nll,EventNLL,630.0000000000015,0.25698219646164955
unet_deeper_event_nll,EventNLL,640.0000000000015,0.25569194900513004
unet_deeper_event_nll,EventNLL,650.0000000000015,0.25215573236604066
unet_deeper_event_nll,EventNLL,660.0000000000015,0.24806525381824845
unet_deeper_event_nll,EventNLL,670.0000000000015,0.247704014007257
unet_deeper_event_nll,EventNLL,680.0000000000015,0.24900267660930267
unet_deeper_event_nll,EventNLL,690.0000000000015,0.24407469814618699
unet_deeper_event_nll,EventNLL,700.0000000000015,0.2361948213759202
unet_deeper_event_nll,EventNLL,710.0000000000015,0.22579631130459252
unet_deeper_event_nll,EventNLL,720.0000000000015,0.21544395961779547
unet_deeper_event_nll,EventNLL,730.0000000000016,0.2093108709199331
unet_deeper_event_nll,EventNLL,740.0000000000016,0.20850308092702693
unet_deeper_event_nll,EventNLL,750.0000000000016,0.2072483789493763
unet_deeper_event_nll,EventNLL,760.0000000000016,0.2030046612515001
unet_deeper_event_nll,EventNLL,770.0000000000016,0.19783754208983104
unet_deeper_event_nll,EventNLL,780.0000000000016,0.18939893110409742
unet_deeper_event_nll,EventNLL,790.0000000000016,0.18866837674782963
unet_deeper_event_nll,EventNLL,800.0000000000016,0.1932399403713027
unet_deeper_event_nll,EventNLL,810.0000000000016,0.20561048382381003
unet_deeper_event_nll,EventNLL,820.0000000000016,0.21305131998106897
unet_deeper_event_nll,EventNLL,830.0000000000016,0.21154809714891998
unet_deeper_event_nll,EventNLL,840.0000000000016,0.21383350538556345
unet_deeper_event_nll,EventNLL,850.0000000000016,0.21248691411585213
unet_deeper_event_nll,EventNLL,860.0000000000017,0.20576384786244256
unet_deeper_event_nll,EventNLL,870.0000000000017,0.19913008527949783
unet_deeper_event_nll,EventNLL,880.0000000000017,0.19108072392556663
unet_deeper_event_nll,EventNLL,890.0000000000017,0.1850002505428423
unet_deeper_event_nll,EventNLL,900.0000000000017,0.17890148793465507
unet_deeper_event_nll,EventNLL,910.0000000000017,0.1733425251848873
unet_deeper_event_nll,EventNLL,920.0000000000017,0.17490637794499583
unet_deeper_event_nll,EventNLL,930.0000000000017,0.17997552608815953
unet_deeper_event_nll,EventNLL,940.0000000000017,0.1832690788660684
unet_deeper_event_nll,EventNLL,950.0000000000017,0.19217699645800493
unet_deeper_event_nll,EventNLL,960.0000000000017,0.20828157084804302
unet_deeper_event_nll,EventNLL,970.0000000000017,0.21985616018834397
unet_deeper_event_nll,EventNLL,980.0000000000017,0.22877865449344487
unet_deeper_event_nll,EventNLL,990.0000000000018,0.2316158230377972
unet_deeper_event_nll,EventNLL,1000.0000000000018,0.2099741900820632
unet_deeper_time_only,Time-only,-1000.0,0.2176074941293238
unet_deeper_time_only,Time-only,-990.0,0.21903511631466094
unet_deeper_time_only,Time-only,-980.0,0.21941161407194387
unet_deeper_time_only,Time-only,-970.0,0.21996246755307264
unet_deeper_time_only,Time-only,-960.0,0.2216602757313987
unet_deeper_time_only,Time-only,-950.0,0.22071312404767812
unet_deeper_time_only,Time-only,-940.0,0.2209407941944077
unet_deeper_time_only,Time-only,-929.9999999999999,0.22531771157848923
unet_deeper_time_only,Time-only,-919.9999999999999,0.230176656227288
unet_deeper_time_only,Time-only,-909.9999999999999,0.2313897113308024
unet_deeper_time_only,Time-only,-899.9999999999999,0.23259680475479763
unet_deeper_time_only,Time-only,-889.9999999999999,0.23610178513361677
unet_deeper_time_only,Time-only,-879.9999999999999,0.23801459093477614
unet_deeper_time_only,Time-only,-869.9999999999999,0.2408916343784598
unet_deeper_time_only,Time-only,-859.9999999999999,0.24234185295540636
unet_deeper_time_only,Time-only,-849.9999999999999,0.24477067386323592
unet_deeper_time_only,Time-only,-839.9999999999999,0.24885582582238935
unet_deeper_time_only,Time-only,-829.9999999999999,0.2509680205013493
unet_deeper_time_only,Time-only,-819.9999999999999,0.25302651920555186
unet_deeper_time_only,Time-only,-809.9999999999999,0.25432440706574977
unet_deeper_time_only,Time-only,-799.9999999999998,0.25797169190973335
unet_deeper_time_only,Time-only,-789.9999999999998,0.26190304844595724
unet_deeper_time_only,Time-only,-779.9999999999998,0.26834815538592754
unet_deeper_time_only,Time-only,-769.9999999999998,0.2734982962149976
unet_deeper_time_only,Time-only,-759.9999999999998,0.27787922785574015
unet_deeper_time_only,Time-only,-749.9999999999998,0.28020622167074616
unet_deeper_time_only,Time-only,-739.9999999999998,0.28338436255048627
unet_deeper_time_only,Time-only,-729.9999999999998,0.2867604323027808
unet_deeper_time_only,Time-only,-719.9999999999998,0.2885804427661152
unet_deeper_time_only,Time-only,-709.9999999999998,0.29404276288269127
unet_deeper_time_only,Time-only,-699.9999999999998,0.29645818233673715
unet_deeper_time_only,Time-only,-689.9999999999998,0.2985039462186741
unet_deeper_time_only,Time-only,-679.9999999999998,0.303544900257514
unet_deeper_time_only,Time-only,-669.9999999999997,0.30820984456989
unet_deeper_time_only,Time-only,-659.9999999999997,0.3133197932766821
unet_deeper_time_only,Time-only,-649.9999999999997,0.3170928462640725
unet_deeper_time_only,Time-only,-639.9999999999997,0.3215868593426677
unet_deeper_time_only,Time-only,-629.9999999999997,0.32719846329189206
unet_deeper_time_only,Time-only,-619.9999999999997,0.333558111069046
unet_deeper_time_only,Time-only,-609.9999999999997,0.337708973365977
unet_deeper_time_only,Time-only,-599.9999999999997,0.34032317103980664
unet_deeper_time_only,Time-only,-589.9999999999997,0.3451798185750423
unet_deeper_time_only,Time-only,-579.9999999999997,0.35037290959292516
unet_deeper_time_only,Time-only,-569.9999999999997,0.35641435774754304
unet_deeper_time_only,Time-only,-559.9999999999997,0.3610776121756641
unet_deeper_time_only,Time-only,-549.9999999999995,0.3664352852417591
unet_deeper_time_only,Time-only,-539.9999999999995,0.3729565111265609
unet_deeper_time_only,Time-only,-529.9999999999995,0.37617969828910097
unet_deeper_time_only,Time-only,-519.9999999999995,0.3805346361967302
unet_deeper_time_only,Time-only,-509.99999999999955,0.3858899265909501
unet_deeper_time_only,Time-only,-499.99999999999955,0.3938940335747867
unet_deeper_time_only,Time-only,-489.99999999999955,0.39943241058158346
unet_deeper_time_only,Time-only,-479.99999999999955,0.40948729839213166
unet_deeper_time_only,Time-only,-469.99999999999955,0.4179052786903934
unet_deeper_time_only,Time-only,-459.99999999999955,0.425353679477458
unet_deeper_time_only,Time-only,-449.9999999999995,0.433808185331796
unet_deeper_time_only,Time-only,-439.9999999999995,0.44336506102942397
unet_deeper_time_only,Time-only,-429.9999999999995,0.44970868938748587
unet_deeper_time_only,Time-only,-419.9999999999995,0.45645248176008313
unet_deeper_time_only,Time-only,-409.9999999999995,0.4635941669917017
unet_deeper_time_only,Time-only,-399.9999999999995,0.4720442014042523
unet_deeper_time_only,Time-only,-389.99999999999943,0.48108944040596924
unet_deeper_time_only,Time-only,-379.99999999999943,0.4895377675382583
unet_deeper_time_only,Time-only,-369.99999999999943,0.498143555126819
unet_deeper_time_only,Time-only,-359.99999999999943,0.5057963835903196
unet_deeper_time_only,Time-only,-349.99999999999943,0.5153018991367655
unet_deeper_time_only,Time-only,-339.99999999999943,0.5202434005837828
unet_deeper_time_only,Time-only,-329.99999999999943,0.5309450215462324
unet_deeper_time_only,Time-only,-319.9999999999994,0.543153538216495
unet_deeper_time_only,Time-only,-309.9999999999994,0.551853710513251
unet_deeper_time_only,Time-only,-299.9999999999994,0.5629231321225762
unet_deeper_time_only,Time-only,-289.9999999999994,0.5783376168270448
unet_deeper_time_only,Time-only,-279.9999999999994,0.5950943091132248
unet_deeper_time_only,Time-only,-269.9999999999994,0.6067492175567948
unet_deeper_time_only,Time-only,-259.9999999999993,0.6214146974394321
unet_deeper_time_only,Time-only,-249.99999999999935,0.6306814994936792
unet_deeper_time_only,Time-only,-239.99999999999932,0.6426668984902612
unet_deeper_time_only,Time-only,-229.99999999999932,0.6587606646811828
unet_deeper_time_only,Time-only,-219.99999999999932,0.6715408580668043
unet_deeper_time_only,Time-only,-209.9999999999993,0.6886397592881053
unet_deeper_time_only,Time-only,-199.9999999999993,0.707786391652561
unet_deeper_time_only,Time-only,-189.9999999999993,0.7245005453849056
unet_deeper_time_only,Time-only,-179.99999999999926,0.7407941233921894
unet_deeper_time_only,Time-only,-169.99999999999926,0.7592935683042866
unet_deeper_time_only,Time-only,-159.99999999999926,0.783294846488611
unet_deeper_time_only,Time-only,-149.99999999999923,0.8107580005601605
unet_deeper_time_only,Time-only,-139.99999999999923,0.8346627625769238
unet_deeper_time_only,Time-only,-129.99999999999923,0.8604648835988881
unet_deeper_time_only,Time-only,-119.99999999999922,0.8902916126013612
unet_deeper_time_only,Time-only,-109.9999999999992,0.9128446206464751
unet_deeper_time_only,Time-only,-99.9999999999992,0.9360626953905664
unet_deeper_time_only,Time-only,-89.99999999999919,0.9584450584984594
unet_deeper_time_only,Time-only,-79.99999999999918,0.9839761064007235
unet_deeper_time_only,Time-only,-69.99999999999918,1.0117593967768945
unet_deeper_time_only,Time-only,-59.99999999999916,1.0400571499310822
unet_deeper_time_only,Time-only,-49.999999999999154,1.061732554970484
unet_deeper_time_only,Time-only,-39.99999999999915,1.0854056611754654
unet_deeper_time_only,Time-only,-29.99999999999914,1.1192555471124888
unet_deeper_time_only,Time-only,-19.99999999999913,1.153816761085757
unet_deeper_time_only,Time-only,-9.99999999999912,1.1804710816278925
unet_deeper_time_only,Time-only,8.881784197001252e-13,1.1988977043956814
unet_deeper_time_only,Time-only,10.000000000000897,1.2149377403221253
unet_deeper_time_only,Time-only,20.000000000000906,1.2262346869287102
unet_deeper_time_only,Time-only,30.000000000000917,1.2200007985518884
unet_deeper_time_only,Time-only,40.000000000000924,1.1967406169000145
unet_deeper_time_only,Time-only,50.00000000000093,1.1744151636134688
unet_deeper_time_only,Time-only,60.00000000000094,1.1524651917490305
unet_deeper_time_only,Time-only,70.00000000000095,1.115419422988862
unet_deeper_time_only,Time-only,80.00000000000097,1.0736649917747672
unet_deeper_time_only,Time-only,90.00000000000097,1.0315854792591204
unet_deeper_time_only,Time-only,100.00000000000098,0.9965578114021858
unet_deeper_time_only,Time-only,110.00000000000098,0.9658421239360555
unet_deeper_time_only,Time-only,120.000000000001,0.9386373850025688
unet_deeper_time_only,Time-only,130.000000000001,0.910482913447784
unet_deeper_time_only,Time-only,140.00000000000102,0.8858973209967516
unet_deeper_time_only,Time-only,150.00000000000102,0.8668041454313505
unet_deeper_time_only,Time-only,160.00000000000102,0.8524723605319953
unet_deeper_time_only,Time-only,170.00000000000105,0.837597053069189
unet_deeper_time_only,Time-only,180.00000000000105,0.8246840176820639
unet_deeper_time_only,Time-only,190.00000000000105,0.809098394608782
unet_deeper_time_only,Time-only,200.00000000000108,0.786490936014244
unet_deeper_time_only,Time-only,210.00000000000108,0.7674540901681313
unet_deeper_time_only,Time-only,220.00000000000108,0.7503853730274513
unet_deeper_time_only,Time-only,230.00000000000108,0.731652684035194
unet_deeper_time_only,Time-only,240.0000000000011,0.7084071879074078
unet_deeper_time_only,Time-only,250.0000000000011,0.6852241817433161
unet_deeper_time_only,Time-only,260.00000000000114,0.6654005497764583
unet_deeper_time_only,Time-only,270.00000000000114,0.6432241120193215
unet_deeper_time_only,Time-only,280.00000000000114,0.6189641954224988
unet_deeper_time_only,Time-only,290.00000000000114,0.594270707972174
unet_deeper_time_only,Time-only,300.00000000000114,0.5697523028519363
unet_deeper_time_only,Time-only,310.00000000000114,0.5533228191738742
unet_deeper_time_only,Time-only,320.0000000000012,0.5363294299325666
unet_deeper_time_only,Time-only,330.0000000000012,0.5195924723151951
unet_deeper_time_only,Time-only,340.0000000000012,0.5060620706725455
unet_deeper_time_only,Time-only,350.0000000000012,0.4955198571662657
unet_deeper_time_only,Time-only,360.0000000000012,0.48785977897417615
unet_deeper_time_only,Time-only,370.0000000000012,0.4790389509654036
unet_deeper_time_only,Time-only,380.00000000000125,0.4695540002861663
unet_deeper_time_only,Time-only,390.00000000000125,0.46180181422848077
unet_deeper_time_only,Time-only,400.00000000000125,0.45088416122969516
unet_deeper_time_only,Time-only,410.00000000000125,0.4404723712640326
unet_deeper_time_only,Time-only,420.00000000000125,0.42887270676156475
unet_deeper_time_only,Time-only,430.00000000000125,0.4217073190520459
unet_deeper_time_only,Time-only,440.00000000000125,0.42122133437868786
unet_deeper_time_only,Time-only,450.0000000000013,0.4200908756782025
unet_deeper_time_only,Time-only,460.0000000000013,0.4153786577531265
unet_deeper_time_only,Time-only,470.0000000000013,0.41098906222896
unet_deeper_time_only,Time-only,480.0000000000013,0.40422204365583303
unet_deeper_time_only,Time-only,490.0000000000013,0.39885758097439605
unet_deeper_time_only,Time-only,500.0000000000013,0.39063781796829267
unet_deeper_time_only,Time-only,510.00000000000136,0.38372715397166923
unet_deeper_time_only,Time-only,520.0000000000014,0.3791036597909324
unet_deeper_time_only,Time-only,530.0000000000014,0.3740306584652183
unet_deeper_time_only,Time-only,540.0000000000014,0.3723271191259794
unet_deeper_time_only,Time-only,550.0000000000014,0.37083177895214975
unet_deeper_time_only,Time-only,560.0000000000014,0.36965157627262385
unet_deeper_time_only,Time-only,570.0000000000014,0.36971595895810183
unet_deeper_time_only,Time-only,580.0000000000014,0.370021105460245
unet_deeper_time_only,Time-only,590.0000000000014,0.3675889083332635
unet_deeper_time_only,Time-only,600.0000000000014,0.3660606536385107
unet_deeper_time_only,Time-only,610.0000000000015,0.3639336306042907
unet_deeper_time_only,Time-only,620.0000000000015,0.36073331986100077
unet_deeper_time_only,Time-only,630.0000000000015,0.3576882174140045
unet_deeper_time_only,Time-only,640.0000000000015,0.3588139188089771
unet_deeper_time_only,Time-only,650.0000000000015,0.35689489863401325
unet_deeper_time_only,Time-only,660.0000000000015,0.35602462994037587
unet_deeper_time_only,Time-only,670.0000000000015,0.35597780842861143
unet_deeper_time_only,Time-only,680.0000000000015,0.35198010616752323
unet_deeper_time_only,Time-only,690.0000000000015,0.3491196118003948
unet_deeper_time_only,Time-only,700.0000000000015,0.3447395293165957
unet_deeper_time_only,Time-only,710.0000000000015,0.3419693530784807
unet_deeper_time_only,Time-only,720.0000000000015,0.3429001931046468
unet_deeper_time_only,Time-only,730.0000000000016,0.34063467330197894
unet_deeper_time_only,Time-only,740.0000000000016,0.3393779469341671
unet_deeper_time_only,Time-only,750.0000000000016,0.3397809692863492
unet_deeper_time_only,Time-only,760.0000000000016,0.3393475662150954
unet_deeper_time_only,Time-only,770.0000000000016,0.33548169027165425
unet_deeper_time_only,Time-only,780.0000000000016,0.3338589601327326
unet_deeper_time_only,Time-only,790.0000000000016,0.33108076055984187
unet_deeper_time_only,Time-only,800.0000000000016,0.33006363960692175
unet_deeper_time_only,Time-only,810.0000000000016,0.3330350474758638
unet_deeper_time_only,Time-only,820.0000000000016,0.3385603679967279
unet_deeper_time_only,Time-only,830.0000000000016,0.3415682344642113
unet_deeper_time_only,Time-only,840.0000000000016,0.34436415777213925
unet_deeper_time_only,Time-only,850.0000000000016,0.3471111634203977
unet_deeper_time_only,Time-only,860.0000000000017,0.3445898607031092
unet_deeper_time_only,Time-only,870.0000000000017,0.34435225197635855
unet_deeper_time_only,Time-only,880.0000000000017,0.3483515922736281
unet_deeper_time_only,Time-only,890.0000000000017,0.34917817506640764
unet_deeper_time_only,Time-only,900.0000000000017,0.34960894279343974
unet_deeper_time_only,Time-only,910.0000000000017,0.34568899395989466
unet_deeper_time_only,Time-only,920.0000000000017,0.3434090427818335
unet_deeper_time_only,Time-only,930.0000000000017,0.34449043483487507
unet_deeper_time_only,Time-only,940.0000000000017,0.3460704129294334
unet_deeper_time_only,Time-only,950.0000000000017,0.3418008600670453
unet_deeper_time_only,Time-only,960.0000000000017,0.3429942386958961
unet_deeper_time_only,Time-only,970.0000000000017,0.3486668539560898
unet_deeper_time_only,Time-only,980.0000000000017,0.35515107540566243
unet_deeper_time_only,Time-only,990.0000000000018,0.3625341353542515
unet_deeper_time_only,Time-only,1000.0000000000018,0.36563191470732265
unet_deeper_wass_only,Wasserstein,-1000.0,0.11420533509498629
unet_deeper_wass_only,Wasserstein,-990.0,0.11709344261109242
unet_deeper_wass_only,Wasserstein,-980.0,0.11988649247698498
unet_deeper_wass_only,Wasserstein,-970.0,0.12285401209788031
unet_deeper_wass_only,Wasserstein,-960.0,0.12558941675718638
unet_deeper_wass_only,Wasserstein,-950.0,0.12871888807506027
unet_deeper_wass_only,Wasserstein,-940.0,0.13242149525721317
unet_deeper_wass_only,Wasserstein,-929.9999999999999,0.13536019827323287
unet_deeper_wass_only,Wasserstein,-919.9999999999999,0.13878987744791962
unet_deeper_wass_only,Wasserstein,-909.9999999999999,0.14265488157702938
unet_deeper_wass_only,Wasserstein,-899.9999999999999,0.1462457314488078
unet_deeper_wass_only,Wasserstein,-889.9999999999999,0.15020500801161016
unet_deeper_wass_only,Wasserstein,-879.9999999999999,0.15421294987416315
unet_deeper_wass_only,Wasserstein,-869.9999999999999,0.15803001779221162
unet_deeper_wass_only,Wasserstein,-859.9999999999999,0.1624945120927004
unet_deeper_wass_only,Wasserstein,-849.9999999999999,0.16712380097940566
unet_deeper_wass_only,Wasserstein,-839.9999999999999,0.17170806986874707
unet_deeper_wass_only,Wasserstein,-829.9999999999999,0.1768042397218196
unet_deeper_wass_only,Wasserstein,-819.9999999999999,0.18211187333513565
unet_deeper_wass_only,Wasserstein,-809.9999999999999,0.18719190763892524
unet_deeper_wass_only,Wasserstein,-799.9999999999998,0.1927774384415785
unet_deeper_wass_only,Wasserstein,-789.9999999999998,0.19828205341489868
unet_deeper_wass_only,Wasserstein,-779.9999999999998,0.20362041714425433
unet_deeper_wass_only,Wasserstein,-769.9999999999998,0.20988575749788402
unet_deeper_wass_only,Wasserstein,-759.9999999999998,0.21615258222256428
unet_deeper_wass_only,Wasserstein,-749.9999999999998,0.2218802551070592
unet_deeper_wass_only,Wasserstein,-739.9999999999998,0.22884870743062177
unet_deeper_wass_only,Wasserstein,-729.9999999999998,0.23615227096996017
unet_deeper_wass_only,Wasserstein,-719.9999999999998,0.24375374462279673
unet_deeper_wass_only,Wasserstein,-709.9999999999998,0.25117690733416215
unet_deeper_wass_only,Wasserstein,-699.9999999999998,0.2591432097957265
unet_deeper_wass_only,Wasserstein,-689.9999999999998,0.26754770372384074
unet_deeper_wass_only,Wasserstein,-679.9999999999998,0.2755766088056408
unet_deeper_wass_only,Wasserstein,-669.9999999999997,0.2845019771335261
unet_deeper_wass_only,Wasserstein,-659.9999999999997,0.2938812775662986
unet_deeper_wass_only,Wasserstein,-649.9999999999997,0.3029903399986709
unet_deeper_wass_only,Wasserstein,-639.9999999999997,0.3126517450906323
unet_deeper_wass_only,Wasserstein,-629.9999999999997,0.3229257733962952
unet_deeper_wass_only,Wasserstein,-619.9999999999997,0.3332451933426514
unet_deeper_wass_only,Wasserstein,-609.9999999999997,0.34450214556050696
unet_deeper_wass_only,Wasserstein,-599.9999999999997,0.3560155035580499
unet_deeper_wass_only,Wasserstein,-589.9999999999997,0.3675358990691425
unet_deeper_wass_only,Wasserstein,-579.9999999999997,0.3797441536276473
unet_deeper_wass_only,Wasserstein,-569.9999999999997,0.39226490806904657
unet_deeper_wass_only,Wasserstein,-559.9999999999997,0.4047715240306574
unet_deeper_wass_only,Wasserstein,-549.9999999999995,0.4185649307989338
unet_deeper_wass_only,Wasserstein,-539.9999999999995,0.43277063504075014
unet_deeper_wass_only,Wasserstein,-529.9999999999995,0.4470158723407152
unet_deeper_wass_only,Wasserstein,-519.9999999999995,0.4621248202695241
unet_deeper_wass_only,Wasserstein,-509.99999999999955,0.47724013219983963
unet_deeper_wass_only,Wasserstein,-499.99999999999955,0.49197465471107715
unet_deeper_wass_only,Wasserstein,-489.99999999999955,0.5079779529456812
unet_deeper_wass_only,Wasserstein,-479.99999999999955,0.5244386623216933
unet_deeper_wass_only,Wasserstein,-469.99999999999955,0.5413984512485068
unet_deeper_wass_only,Wasserstein,-459.99999999999955,0.5577405915977303
unet_deeper_wass_only,Wasserstein,-449.9999999999995,0.574611165307807
unet_deeper_wass_only,Wasserstein,-439.9999999999995,0.5918983310926738
unet_deeper_wass_only,Wasserstein,-429.9999999999995,0.6085835427698149
unet_deeper_wass_only,Wasserstein,-419.9999999999995,0.6257432952644512
unet_deeper_wass_only,Wasserstein,-409.9999999999995,0.6428039715737813
unet_deeper_wass_only,Wasserstein,-399.9999999999995,0.6600213078988043
unet_deeper_wass_only,Wasserstein,-389.99999999999943,0.6773919074099906
unet_deeper_wass_only,Wasserstein,-379.99999999999943,0.6943785923571039
unet_deeper_wass_only,Wasserstein,-369.99999999999943,0.7109356963651103
unet_deeper_wass_only,Wasserstein,-359.99999999999943,0.7275263833444865
unet_deeper_wass_only,Wasserstein,-349.99999999999943,0.7438373164659507
unet_deeper_wass_only,Wasserstein,-339.99999999999943,0.7597561387029641
unet_deeper_wass_only,Wasserstein,-329.99999999999943,0.7757883183522469
unet_deeper_wass_only,Wasserstein,-319.9999999999994,0.7917377010026021
unet_deeper_wass_only,Wasserstein,-309.9999999999994,0.8068814918343457
unet_deeper_wass_only,Wasserstein,-299.9999999999994,0.8214882941410756
unet_deeper_wass_only,Wasserstein,-289.9999999999994,0.8356684321519356
unet_deeper_wass_only,Wasserstein,-279.9999999999994,0.8493778512332112
unet_deeper_wass_only,Wasserstein,-269.9999999999994,0.8635738555319141
unet_deeper_wass_only,Wasserstein,-259.9999999999993,0.8770963736315185
unet_deeper_wass_only,Wasserstein,-249.99999999999935,0.8903402280994984
unet_deeper_wass_only,Wasserstein,-239.99999999999932,0.9031321258539277
unet_deeper_wass_only,Wasserstein,-229.99999999999932,0.9157962190986404
unet_deeper_wass_only,Wasserstein,-219.99999999999932,0.9279557271154153
unet_deeper_wass_only,Wasserstein,-209.9999999999993,0.9388481881342746
unet_deeper_wass_only,Wasserstein,-199.9999999999993,0.9492334627893805
unet_deeper_wass_only,Wasserstein,-189.9999999999993,0.9592340663142227
unet_deeper_wass_only,Wasserstein,-179.99999999999926,0.9684715382043024
unet_deeper_wass_only,Wasserstein,-169.99999999999926,0.9770194592201565
unet_deeper_wass_only,Wasserstein,-159.99999999999926,0.984995754773429
unet_deeper_wass_only,Wasserstein,-149.99999999999923,0.9917260918413321
unet_deeper_wass_only,Wasserstein,-139.99999999999923,0.998517898808277
unet_deeper_wass_only,Wasserstein,-129.99999999999923,1.0042428009696667
unet_deeper_wass_only,Wasserstein,-119.99999999999922,1.0088400705289047
unet_deeper_wass_only,Wasserstein,-109.9999999999992,1.0131343202005294
unet_deeper_wass_only,Wasserstein,-99.9999999999992,1.0167576506767535
unet_deeper_wass_only,Wasserstein,-89.99999999999919,1.0196558075306419
unet_deeper_wass_only,Wasserstein,-79.99999999999918,1.0216859689901745
unet_deeper_wass_only,Wasserstein,-69.99999999999918,1.0228454596840377
unet_deeper_wass_only,Wasserstein,-59.99999999999916,1.0233652749852606
unet_deeper_wass_only,Wasserstein,-49.999999999999154,1.023785969068785
unet_deeper_wass_only,Wasserstein,-39.99999999999915,1.0230646228246507
unet_deeper_wass_only,Wasserstein,-29.99999999999914,1.0215295607778692
unet_deeper_wass_only,Wasserstein,-19.99999999999913,1.0196848404140766
unet_deeper_wass_only,Wasserstein,-9.99999999999912,1.0168066808135432
unet_deeper_wass_only,Wasserstein,8.881784197001252e-13,1.0131521310074842
unet_deeper_wass_only,Wasserstein,10.000000000000897,1.0094972651105623
unet_deeper_wass_only,Wasserstein,20.000000000000906,1.0049356263560254
unet_deeper_wass_only,Wasserstein,30.000000000000917,0.9998394515628307
unet_deeper_wass_only,Wasserstein,40.000000000000924,0.9945196769292801
unet_deeper_wass_only,Wasserstein,50.00000000000093,0.9881949292522212
unet_deeper_wass_only,Wasserstein,60.00000000000094,0.9810757957193291
unet_deeper_wass_only,Wasserstein,70.00000000000095,0.9731941564197043
unet_deeper_wass_only,Wasserstein,80.00000000000097,0.9647624761497184
unet_deeper_wass_only,Wasserstein,90.00000000000097,0.9566051565088244
unet_deeper_wass_only,Wasserstein,100.00000000000098,0.9476560295466296
unet_deeper_wass_only,Wasserstein,110.00000000000098,0.9375844672061422
unet_deeper_wass_only,Wasserstein,120.000000000001,0.9283618561116194
unet_deeper_wass_only,Wasserstein,130.000000000001,0.9187377188457689
unet_deeper_wass_only,Wasserstein,140.00000000000102,0.9082609541865826
unet_deeper_wass_only,Wasserstein,150.00000000000102,0.8981613735617265
unet_deeper_wass_only,Wasserstein,160.00000000000102,0.8865098842466483
unet_deeper_wass_only,Wasserstein,170.00000000000105,0.8750219424831771
unet_deeper_wass_only,Wasserstein,180.00000000000105,0.8640976441752977
unet_deeper_wass_only,Wasserstein,190.00000000000105,0.8512210862578548
unet_deeper_wass_only,Wasserstein,200.00000000000108,0.8379096007065505
unet_deeper_wass_only,Wasserstein,210.00000000000108,0.8253554789055929
unet_deeper_wass_only,Wasserstein,220.00000000000108,0.8107374958758871
unet_deeper_wass_only,Wasserstein,230.00000000000108,0.7962015808261459
unet_deeper_wass_only,Wasserstein,240.0000000000011,0.7815687185765793
unet_deeper_wass_only,Wasserstein,250.0000000000011,0.7665996423147755
unet_deeper_wass_only,Wasserstein,260.00000000000114,0.7510894014790304
unet_deeper_wass_only,Wasserstein,270.00000000000114,0.735205476301851
unet_deeper_wass_only,Wasserstein,280.00000000000114,0.720183541566659
unet_deeper_wass_only,Wasserstein,290.00000000000114,0.7039932558225863
unet_deeper_wass_only,Wasserstein,300.00000000000114,0.687662881369784
unet_deeper_wass_only,Wasserstein,310.00000000000114,0.6725850900912766
unet_deeper_wass_only,Wasserstein,320.0000000000012,0.6563610834093446
unet_deeper_wass_only,Wasserstein,330.0000000000012,0.6401360049392238
unet_deeper_wass_only,Wasserstein,340.0000000000012,0.6258015299534073
unet_deeper_wass_only,Wasserstein,350.0000000000012,0.6111139101924915
unet_deeper_wass_only,Wasserstein,360.0000000000012,0.5960660051543466
unet_deeper_wass_only,Wasserstein,370.0000000000012,0.5823760631811749
unet_deeper_wass_only,Wasserstein,380.00000000000125,0.5680959782127633
unet_deeper_wass_only,Wasserstein,390.00000000000125,0.5537076728232299
unet_deeper_wass_only,Wasserstein,400.00000000000125,0.5407174231213681
unet_deeper_wass_only,Wasserstein,410.00000000000125,0.5261856876393416
unet_deeper_wass_only,Wasserstein,420.00000000000125,0.5126599436736957
unet_deeper_wass_only,Wasserstein,430.00000000000125,0.49952677203429763
unet_deeper_wass_only,Wasserstein,440.00000000000125,0.4852050379742778
unet_deeper_wass_only,Wasserstein,450.0000000000013,0.47133958184268687
unet_deeper_wass_only,Wasserstein,460.0000000000013,0.458609263482915
unet_deeper_wass_only,Wasserstein,470.0000000000013,0.44519889161025317
unet_deeper_wass_only,Wasserstein,480.0000000000013,0.43219172824557583
unet_deeper_wass_only,Wasserstein,490.0000000000013,0.4212324648151189
unet_deeper_wass_only,Wasserstein,500.0000000000013,0.40874771954381495
unet_deeper_wass_only,Wasserstein,510.00000000000136,0.3972391992704026
unet_deeper_wass_only,Wasserstein,520.0000000000014,0.385724973868875
unet_deeper_wass_only,Wasserstein,530.0000000000014,0.3757535177752186
unet_deeper_wass_only,Wasserstein,540.0000000000014,0.36488735852468684
unet_deeper_wass_only,Wasserstein,550.0000000000014,0.3539686438580765
unet_deeper_wass_only,Wasserstein,560.0000000000014,0.34525827411328036
unet_deeper_wass_only,Wasserstein,570.0000000000014,0.3357205893673395
unet_deeper_wass_only,Wasserstein,580.0000000000014,0.3260710984457001
unet_deeper_wass_only,Wasserstein,590.0000000000014,0.31865945184257394
unet_deeper_wass_only,Wasserstein,600.0000000000014,0.31079688804796696
unet_deeper_wass_only,Wasserstein,610.0000000000015,0.3026405529705398
unet_deeper_wass_only,Wasserstein,620.0000000000015,0.29653806512492137
unet_deeper_wass_only,Wasserstein,630.0000000000015,0.2900797708515311
unet_deeper_wass_only,Wasserstein,640.0000000000015,0.28287628179595997
unet_deeper_wass_only,Wasserstein,650.0000000000015,0.2777580731386462
unet_deeper_wass_only,Wasserstein,660.0000000000015,0.27116647331748023
unet_deeper_wass_only,Wasserstein,670.0000000000015,0.26518695906337547
unet_deeper_wass_only,Wasserstein,680.0000000000015,0.2610648664698877
unet_deeper_wass_only,Wasserstein,690.0000000000015,0.2559828121299513
unet_deeper_wass_only,Wasserstein,700.0000000000015,0.2509280930021622
unet_deeper_wass_only,Wasserstein,710.0000000000015,0.24729960415656027
unet_deeper_wass_only,Wasserstein,720.0000000000015,0.24252848726664147
unet_deeper_wass_only,Wasserstein,730.0000000000016,0.23914679851509013
unet_deeper_wass_only,Wasserstein,740.0000000000016,0.23709374778662134
unet_deeper_wass_only,Wasserstein,750.0000000000016,0.2337601384400164
unet_deeper_wass_only,Wasserstein,760.0000000000016,0.23048349729233694
unet_deeper_wass_only,Wasserstein,770.0000000000016,0.2283852209032589
unet_deeper_wass_only,Wasserstein,780.0000000000016,0.22478134108896447
unet_deeper_wass_only,Wasserstein,790.0000000000016,0.22229090426925
unet_deeper_wass_only,Wasserstein,800.0000000000016,0.21936168074135903
unet_deeper_wass_only,Wasserstein,810.0000000000016,0.218790040405242
unet_deeper_wass_only,Wasserstein,820.0000000000016,0.21664074088516805
unet_deeper_wass_only,Wasserstein,830.0000000000016,0.21434817349833388
unet_deeper_wass_only,Wasserstein,840.0000000000016,0.21395084813123447
unet_deeper_wass_only,Wasserstein,850.0000000000016,0.2124984855939288
unet_deeper_wass_only,Wasserstein,860.0000000000017,0.2105290987366046
unet_deeper_wass_only,Wasserstein,870.0000000000017,0.21010347441644955
unet_deeper_wass_only,Wasserstein,880.0000000000017,0.2084149870223814
unet_deeper_wass_only,Wasserstein,890.0000000000017,0.20662303292724582
unet_deeper_wass_only,Wasserstein,900.0000000000017,0.20609788874050566
unet_deeper_wass_only,Wasserstein,910.0000000000017,0.20501413093481885
unet_deeper_wass_only,Wasserstein,920.0000000000017,0.20406098466473072
unet_deeper_wass_only,Wasserstein,930.0000000000017,0.2040191416032091
unet_deeper_wass_only,Wasserstein,940.0000000000017,0.20276324370748805
unet_deeper_wass_only,Wasserstein,950.0000000000017,0.20210013646744554
unet_deeper_wass_only,Wasserstein,960.0000000000017,0.20208877632647176
unet_deeper_wass_only,Wasserstein,970.0000000000017,0.20126557411374688
unet_deeper_wass_only,Wasserstein,980.0000000000017,0.20110093752357525
unet_deeper_wass_only,Wasserstein,990.0000000000018,0.20219893754893212
unet_deeper_wass_only,Wasserstein,1000.0000000000018,0.20110839905226174
